{"cameraMode":{"drawMode":0,"name":"Shaded","section":"Shading Mode"},"sceneLighting":false,"audioPlay":false,"sceneViewState":{"showFog":true,"showMaterialUpdate":false,"showSkybox":false,"showFlares":true,"showImageEffects":true,"showParticleSystems":true},"in2DMode":false,"pivot":{"x":-0.44487929344177248,"y":10.287712097167969,"z":-9.332812309265137},"rotation":{"x":-0.0014999978011474014,"y":0.0014999976847320796,"z":0.00000224999780584767,"w":0.9999976754188538},"size":19.505001068115236,"orthographic":true}